사망원인별(103항목),성별,시도별,2018,2019,2020
계,계,전국,298820,295110,304948
계,계,서울특별시,45219,43829,45522
계,계,부산광역시,22570,22260,22950
계,계,대구광역시,14070,13752,14460
계,계,인천광역시,15316,15131,15689
계,계,광주광역시,7781,7635,7785
계,계,대전광역시,7403,7502,7572
계,계,울산광역시,5349,5268,5302
계,계,세종특별자치시,1259,1221,1317
계,계,경기도,60050,60568,62794
계,계,강원도,11976,11906,12182
계,계,충청북도,11334,11363,11594
계,계,충청남도,15802,15596,16022
계,계,전라북도,14552,14525,14691
계,계,전라남도,17219,16787,17436
계,계,경상북도,22289,21703,22799
계,계,경상남도,22719,22105,22881
계,계,제주도,3912,3959,3952
계,남자,전국,161187,160322,165163
계,남자,서울특별시,25384,24859,25626
계,남자,부산광역시,12349,12198,12759
계,남자,대구광역시,7631,7509,7877
계,남자,인천광역시,8400,8322,8735
계,남자,광주광역시,4001,4019,4126
계,남자,대전광역시,3976,4061,4113
계,남자,울산광역시,2901,2889,2783
계,남자,세종특별자치시,631,625,668
계,남자,경기도,32635,33192,34286
계,남자,강원도,6557,6646,6624
계,남자,충청북도,6124,6095,6123
계,남자,충청남도,8555,8350,8532
계,남자,전라북도,7506,7624,7645
계,남자,전라남도,8946,8835,9163
계,남자,경상북도,11742,11389,12007
계,남자,경상남도,11820,11587,11967
계,남자,제주도,2029,2122,2129
계,여자,전국,137633,134788,139785
계,여자,서울특별시,19835,18970,19896
계,여자,부산광역시,10221,10062,10191
계,여자,대구광역시,6439,6243,6583
계,여자,인천광역시,6916,6809,6954
계,여자,광주광역시,3780,3616,3659
계,여자,대전광역시,3427,3441,3459
계,여자,울산광역시,2448,2379,2519
계,여자,세종특별자치시,628,596,649
계,여자,경기도,27415,27376,28508
계,여자,강원도,5419,5260,5558
계,여자,충청북도,5210,5268,5471
계,여자,충청남도,7247,7246,7490
계,여자,전라북도,7046,6901,7046
계,여자,전라남도,8273,7952,8273
계,여자,경상북도,10547,10314,10792
계,여자,경상남도,10899,10518,10914
계,여자,제주도,1883,1837,1823
"특정 감염성 및 기생충성 질환 (A00-B99, U07.1, U07.2)",계,전국,8746,8692,10419
"특정 감염성 및 기생충성 질환 (A00-B99, U07.1, U07.2)",계,서울특별시,1264,1143,1409
"특정 감염성 및 기생충성 질환 (A00-B99, U07.1, U07.2)",계,부산광역시,622,536,696
"특정 감염성 및 기생충성 질환 (A00-B99, U07.1, U07.2)",계,대구광역시,426,394,541
"특정 감염성 및 기생충성 질환 (A00-B99, U07.1, U07.2)",계,인천광역시,408,411,495
"특정 감염성 및 기생충성 질환 (A00-B99, U07.1, U07.2)",계,광주광역시,242,280,330
"특정 감염성 및 기생충성 질환 (A00-B99, U07.1, U07.2)",계,대전광역시,178,228,261
"특정 감염성 및 기생충성 질환 (A00-B99, U07.1, U07.2)",계,울산광역시,113,121,142
"특정 감염성 및 기생충성 질환 (A00-B99, U07.1, U07.2)",계,세종특별자치시,39,30,42
"특정 감염성 및 기생충성 질환 (A00-B99, U07.1, U07.2)",계,경기도,1599,1600,2137
"특정 감염성 및 기생충성 질환 (A00-B99, U07.1, U07.2)",계,강원도,329,393,432
"특정 감염성 및 기생충성 질환 (A00-B99, U07.1, U07.2)",계,충청북도,367,422,366
"특정 감염성 및 기생충성 질환 (A00-B99, U07.1, U07.2)",계,충청남도,484,474,523
"특정 감염성 및 기생충성 질환 (A00-B99, U07.1, U07.2)",계,전라북도,500,519,642
"특정 감염성 및 기생충성 질환 (A00-B99, U07.1, U07.2)",계,전라남도,719,622,584
"특정 감염성 및 기생충성 질환 (A00-B99, U07.1, U07.2)",계,경상북도,699,674,814
"특정 감염성 및 기생충성 질환 (A00-B99, U07.1, U07.2)",계,경상남도,653,736,886
"특정 감염성 및 기생충성 질환 (A00-B99, U07.1, U07.2)",계,제주도,104,109,119
"특정 감염성 및 기생충성 질환 (A00-B99, U07.1, U07.2)",남자,전국,4209,4103,4890
"특정 감염성 및 기생충성 질환 (A00-B99, U07.1, U07.2)",남자,서울특별시,675,614,767
"특정 감염성 및 기생충성 질환 (A00-B99, U07.1, U07.2)",남자,부산광역시,324,264,343
"특정 감염성 및 기생충성 질환 (A00-B99, U07.1, U07.2)",남자,대구광역시,196,194,248
"특정 감염성 및 기생충성 질환 (A00-B99, U07.1, U07.2)",남자,인천광역시,193,208,268
"특정 감염성 및 기생충성 질환 (A00-B99, U07.1, U07.2)",남자,광주광역시,102,129,134
"특정 감염성 및 기생충성 질환 (A00-B99, U07.1, U07.2)",남자,대전광역시,91,109,125
"특정 감염성 및 기생충성 질환 (A00-B99, U07.1, U07.2)",남자,울산광역시,54,59,57
"특정 감염성 및 기생충성 질환 (A00-B99, U07.1, U07.2)",남자,세종특별자치시,15,12,22
"특정 감염성 및 기생충성 질환 (A00-B99, U07.1, U07.2)",남자,경기도,777,776,1030
"특정 감염성 및 기생충성 질환 (A00-B99, U07.1, U07.2)",남자,강원도,152,190,187
"특정 감염성 및 기생충성 질환 (A00-B99, U07.1, U07.2)",남자,충청북도,175,205,166
"특정 감염성 및 기생충성 질환 (A00-B99, U07.1, U07.2)",남자,충청남도,246,226,236
"특정 감염성 및 기생충성 질환 (A00-B99, U07.1, U07.2)",남자,전라북도,231,225,239
"특정 감염성 및 기생충성 질환 (A00-B99, U07.1, U07.2)",남자,전라남도,307,262,252
"특정 감염성 및 기생충성 질환 (A00-B99, U07.1, U07.2)",남자,경상북도,338,254,374
"특정 감염성 및 기생충성 질환 (A00-B99, U07.1, U07.2)",남자,경상남도,289,329,380
"특정 감염성 및 기생충성 질환 (A00-B99, U07.1, U07.2)",남자,제주도,44,47,62
"특정 감염성 및 기생충성 질환 (A00-B99, U07.1, U07.2)",여자,전국,4537,4589,5529
"특정 감염성 및 기생충성 질환 (A00-B99, U07.1, U07.2)",여자,서울특별시,589,529,642
"특정 감염성 및 기생충성 질환 (A00-B99, U07.1, U07.2)",여자,부산광역시,298,272,353
"특정 감염성 및 기생충성 질환 (A00-B99, U07.1, U07.2)",여자,대구광역시,230,200,293
"특정 감염성 및 기생충성 질환 (A00-B99, U07.1, U07.2)",여자,인천광역시,215,203,227
"특정 감염성 및 기생충성 질환 (A00-B99, U07.1, U07.2)",여자,광주광역시,140,151,196
"특정 감염성 및 기생충성 질환 (A00-B99, U07.1, U07.2)",여자,대전광역시,87,119,136
"특정 감염성 및 기생충성 질환 (A00-B99, U07.1, U07.2)",여자,울산광역시,59,62,85
"특정 감염성 및 기생충성 질환 (A00-B99, U07.1, U07.2)",여자,세종특별자치시,24,18,20
"특정 감염성 및 기생충성 질환 (A00-B99, U07.1, U07.2)",여자,경기도,822,824,1107
"특정 감염성 및 기생충성 질환 (A00-B99, U07.1, U07.2)",여자,강원도,177,203,245
"특정 감염성 및 기생충성 질환 (A00-B99, U07.1, U07.2)",여자,충청북도,192,217,200
"특정 감염성 및 기생충성 질환 (A00-B99, U07.1, U07.2)",여자,충청남도,238,248,287
"특정 감염성 및 기생충성 질환 (A00-B99, U07.1, U07.2)",여자,전라북도,269,294,403
"특정 감염성 및 기생충성 질환 (A00-B99, U07.1, U07.2)",여자,전라남도,412,360,332
"특정 감염성 및 기생충성 질환 (A00-B99, U07.1, U07.2)",여자,경상북도,361,420,440
"특정 감염성 및 기생충성 질환 (A00-B99, U07.1, U07.2)",여자,경상남도,364,407,506
"특정 감염성 및 기생충성 질환 (A00-B99, U07.1, U07.2)",여자,제주도,60,62,57
신생물 (C00-D48),계,전국,80747,82844,83776
신생물 (C00-D48),계,서울특별시,13585,13808,13791
신생물 (C00-D48),계,부산광역시,6465,6599,6722
신생물 (C00-D48),계,대구광역시,3855,3934,3984
신생물 (C00-D48),계,인천광역시,4075,4379,4475
신생물 (C00-D48),계,광주광역시,2109,2087,2080
신생물 (C00-D48),계,대전광역시,1948,2012,2056
신생물 (C00-D48),계,울산광역시,1463,1498,1524
신생물 (C00-D48),계,세종특별자치시,337,343,344
신생물 (C00-D48),계,경기도,16389,17527,17528
신생물 (C00-D48),계,강원도,3099,3143,3156
신생물 (C00-D48),계,충청북도,2904,2978,3099
신생물 (C00-D48),계,충청남도,3957,3833,4024
신생물 (C00-D48),계,전라북도,3788,3609,3650
신생물 (C00-D48),계,전라남도,3975,4221,4466
신생물 (C00-D48),계,경상북도,5488,5744,5700
신생물 (C00-D48),계,경상남도,6251,6020,6084
신생물 (C00-D48),계,제주도,1059,1109,1093
신생물 (C00-D48),남자,전국,49797,51158,51686
신생물 (C00-D48),남자,서울특별시,8462,8601,8473
신생물 (C00-D48),남자,부산광역시,4034,4169,4222
신생물 (C00-D48),남자,대구광역시,2397,2430,2483
신생물 (C00-D48),남자,인천광역시,2512,2635,2761
신생물 (C00-D48),남자,광주광역시,1219,1255,1238
신생물 (C00-D48),남자,대전광역시,1223,1198,1282
신생물 (C00-D48),남자,울산광역시,856,912,917
신생물 (C00-D48),남자,세종특별자치시,191,213,210
신생물 (C00-D48),남자,경기도,10001,10792,10682
신생물 (C00-D48),남자,강원도,1979,1977,1982
신생물 (C00-D48),남자,충청북도,1793,1793,1896
신생물 (C00-D48),남자,충청남도,2511,2396,2460
신생물 (C00-D48),남자,전라북도,2309,2247,2275
신생물 (C00-D48),남자,전라남도,2467,2674,2802
신생물 (C00-D48),남자,경상북도,3404,3548,3601
신생물 (C00-D48),남자,경상남도,3813,3661,3724
신생물 (C00-D48),남자,제주도,626,657,678
신생물 (C00-D48),여자,전국,30950,31686,32090
신생물 (C00-D48),여자,서울특별시,5123,5207,5318
신생물 (C00-D48),여자,부산광역시,2431,2430,2500
신생물 (C00-D48),여자,대구광역시,1458,1504,1501
신생물 (C00-D48),여자,인천광역시,1563,1744,1714
신생물 (C00-D48),여자,광주광역시,890,832,842
신생물 (C00-D48),여자,대전광역시,725,814,774
신생물 (C00-D48),여자,울산광역시,607,586,607
신생물 (C00-D48),여자,세종특별자치시,146,130,134
신생물 (C00-D48),여자,경기도,6388,6735,6846
신생물 (C00-D48),여자,강원도,1120,1166,1174
신생물 (C00-D48),여자,충청북도,1111,1185,1203
신생물 (C00-D48),여자,충청남도,1446,1437,1564
신생물 (C00-D48),여자,전라북도,1479,1362,1375
신생물 (C00-D48),여자,전라남도,1508,1547,1664
신생물 (C00-D48),여자,경상북도,2084,2196,2099
신생물 (C00-D48),여자,경상남도,2438,2359,2360
신생물 (C00-D48),여자,제주도,433,452,415
혈액 및 조혈기관질환과 면역메커니즘을 침범하는 특정장애 (D50-D89) (명),계,전국,873,833,880
혈액 및 조혈기관질환과 면역메커니즘을 침범하는 특정장애 (D50-D89) (명),계,서울특별시,155,120,114
혈액 및 조혈기관질환과 면역메커니즘을 침범하는 특정장애 (D50-D89) (명),계,부산광역시,124,107,161
혈액 및 조혈기관질환과 면역메커니즘을 침범하는 특정장애 (D50-D89) (명),계,대구광역시,44,30,37
혈액 및 조혈기관질환과 면역메커니즘을 침범하는 특정장애 (D50-D89) (명),계,인천광역시,34,33,50
혈액 및 조혈기관질환과 면역메커니즘을 침범하는 특정장애 (D50-D89) (명),계,광주광역시,25,23,31
혈액 및 조혈기관질환과 면역메커니즘을 침범하는 특정장애 (D50-D89) (명),계,대전광역시,15,20,16
혈액 및 조혈기관질환과 면역메커니즘을 침범하는 특정장애 (D50-D89) (명),계,울산광역시,11,12,15
혈액 및 조혈기관질환과 면역메커니즘을 침범하는 특정장애 (D50-D89) (명),계,세종특별자치시,2,2,3
혈액 및 조혈기관질환과 면역메커니즘을 침범하는 특정장애 (D50-D89) (명),계,경기도,129,138,144
혈액 및 조혈기관질환과 면역메커니즘을 침범하는 특정장애 (D50-D89) (명),계,강원도,25,32,38
혈액 및 조혈기관질환과 면역메커니즘을 침범하는 특정장애 (D50-D89) (명),계,충청북도,26,25,26
혈액 및 조혈기관질환과 면역메커니즘을 침범하는 특정장애 (D50-D89) (명),계,충청남도,52,42,45
혈액 및 조혈기관질환과 면역메커니즘을 침범하는 특정장애 (D50-D89) (명),계,전라북도,44,57,31
혈액 및 조혈기관질환과 면역메커니즘을 침범하는 특정장애 (D50-D89) (명),계,전라남도,47,42,40
혈액 및 조혈기관질환과 면역메커니즘을 침범하는 특정장애 (D50-D89) (명),계,경상북도,65,66,46
혈액 및 조혈기관질환과 면역메커니즘을 침범하는 특정장애 (D50-D89) (명),계,경상남도,62,68,75
혈액 및 조혈기관질환과 면역메커니즘을 침범하는 특정장애 (D50-D89) (명),계,제주도,13,16,8
혈액 및 조혈기관질환과 면역메커니즘을 침범하는 특정장애 (D50-D89) (명),남자,전국,376,357,378
혈액 및 조혈기관질환과 면역메커니즘을 침범하는 특정장애 (D50-D89) (명),남자,서울특별시,73,65,51
혈액 및 조혈기관질환과 면역메커니즘을 침범하는 특정장애 (D50-D89) (명),남자,부산광역시,52,38,70
혈액 및 조혈기관질환과 면역메커니즘을 침범하는 특정장애 (D50-D89) (명),남자,대구광역시,18,12,19
혈액 및 조혈기관질환과 면역메커니즘을 침범하는 특정장애 (D50-D89) (명),남자,인천광역시,13,14,23
혈액 및 조혈기관질환과 면역메커니즘을 침범하는 특정장애 (D50-D89) (명),남자,광주광역시,13,11,12
혈액 및 조혈기관질환과 면역메커니즘을 침범하는 특정장애 (D50-D89) (명),남자,대전광역시,8,12,10
혈액 및 조혈기관질환과 면역메커니즘을 침범하는 특정장애 (D50-D89) (명),남자,울산광역시,4,6,5
혈액 및 조혈기관질환과 면역메커니즘을 침범하는 특정장애 (D50-D89) (명),남자,세종특별자치시,2,0,2
혈액 및 조혈기관질환과 면역메커니즘을 침범하는 특정장애 (D50-D89) (명),남자,경기도,57,66,71
혈액 및 조혈기관질환과 면역메커니즘을 침범하는 특정장애 (D50-D89) (명),남자,강원도,12,13,17
혈액 및 조혈기관질환과 면역메커니즘을 침범하는 특정장애 (D50-D89) (명),남자,충청북도,13,11,6
혈액 및 조혈기관질환과 면역메커니즘을 침범하는 특정장애 (D50-D89) (명),남자,충청남도,18,20,20
혈액 및 조혈기관질환과 면역메커니즘을 침범하는 특정장애 (D50-D89) (명),남자,전라북도,18,21,13
혈액 및 조혈기관질환과 면역메커니즘을 침범하는 특정장애 (D50-D89) (명),남자,전라남도,16,16,12
혈액 및 조혈기관질환과 면역메커니즘을 침범하는 특정장애 (D50-D89) (명),남자,경상북도,28,25,12
혈액 및 조혈기관질환과 면역메커니즘을 침범하는 특정장애 (D50-D89) (명),남자,경상남도,28,20,33
혈액 및 조혈기관질환과 면역메커니즘을 침범하는 특정장애 (D50-D89) (명),남자,제주도,3,7,2
혈액 및 조혈기관질환과 면역메커니즘을 침범하는 특정장애 (D50-D89) (명),여자,전국,497,476,502
혈액 및 조혈기관질환과 면역메커니즘을 침범하는 특정장애 (D50-D89) (명),여자,서울특별시,82,55,63
혈액 및 조혈기관질환과 면역메커니즘을 침범하는 특정장애 (D50-D89) (명),여자,부산광역시,72,69,91
혈액 및 조혈기관질환과 면역메커니즘을 침범하는 특정장애 (D50-D89) (명),여자,대구광역시,26,18,18
혈액 및 조혈기관질환과 면역메커니즘을 침범하는 특정장애 (D50-D89) (명),여자,인천광역시,21,19,27
혈액 및 조혈기관질환과 면역메커니즘을 침범하는 특정장애 (D50-D89) (명),여자,광주광역시,12,12,19
혈액 및 조혈기관질환과 면역메커니즘을 침범하는 특정장애 (D50-D89) (명),여자,대전광역시,7,8,6
혈액 및 조혈기관질환과 면역메커니즘을 침범하는 특정장애 (D50-D89) (명),여자,울산광역시,7,6,10
혈액 및 조혈기관질환과 면역메커니즘을 침범하는 특정장애 (D50-D89) (명),여자,세종특별자치시,0,2,1
혈액 및 조혈기관질환과 면역메커니즘을 침범하는 특정장애 (D50-D89) (명),여자,경기도,72,72,73
혈액 및 조혈기관질환과 면역메커니즘을 침범하는 특정장애 (D50-D89) (명),여자,강원도,13,19,21
혈액 및 조혈기관질환과 면역메커니즘을 침범하는 특정장애 (D50-D89) (명),여자,충청북도,13,14,20
혈액 및 조혈기관질환과 면역메커니즘을 침범하는 특정장애 (D50-D89) (명),여자,충청남도,34,22,25
혈액 및 조혈기관질환과 면역메커니즘을 침범하는 특정장애 (D50-D89) (명),여자,전라북도,26,36,18
혈액 및 조혈기관질환과 면역메커니즘을 침범하는 특정장애 (D50-D89) (명),여자,전라남도,31,26,28
혈액 및 조혈기관질환과 면역메커니즘을 침범하는 특정장애 (D50-D89) (명),여자,경상북도,37,41,34
혈액 및 조혈기관질환과 면역메커니즘을 침범하는 특정장애 (D50-D89) (명),여자,경상남도,34,48,42
혈액 및 조혈기관질환과 면역메커니즘을 침범하는 특정장애 (D50-D89) (명),여자,제주도,10,9,6
"내분비, 영양 및 대사 질환 (E00-E88)",계,전국,10324,9502,10052
"내분비, 영양 및 대사 질환 (E00-E88)",계,서울특별시,1538,1243,1534
"내분비, 영양 및 대사 질환 (E00-E88)",계,부산광역시,897,1015,913
"내분비, 영양 및 대사 질환 (E00-E88)",계,대구광역시,580,523,512
"내분비, 영양 및 대사 질환 (E00-E88)",계,인천광역시,598,472,518
"내분비, 영양 및 대사 질환 (E00-E88)",계,광주광역시,255,227,232
"내분비, 영양 및 대사 질환 (E00-E88)",계,대전광역시,312,240,273
"내분비, 영양 및 대사 질환 (E00-E88)",계,울산광역시,236,277,271
"내분비, 영양 및 대사 질환 (E00-E88)",계,세종특별자치시,49,43,34
"내분비, 영양 및 대사 질환 (E00-E88)",계,경기도,2083,2032,2232
"내분비, 영양 및 대사 질환 (E00-E88)",계,강원도,382,309,317
"내분비, 영양 및 대사 질환 (E00-E88)",계,충청북도,310,359,415
"내분비, 영양 및 대사 질환 (E00-E88)",계,충청남도,422,446,439
"내분비, 영양 및 대사 질환 (E00-E88)",계,전라북도,529,378,373
"내분비, 영양 및 대사 질환 (E00-E88)",계,전라남도,553,634,569
"내분비, 영양 및 대사 질환 (E00-E88)",계,경상북도,683,618,677
"내분비, 영양 및 대사 질환 (E00-E88)",계,경상남도,796,602,662
"내분비, 영양 및 대사 질환 (E00-E88)",계,제주도,101,84,81
"내분비, 영양 및 대사 질환 (E00-E88)",남자,전국,5165,4817,5105
"내분비, 영양 및 대사 질환 (E00-E88)",남자,서울특별시,885,704,863
"내분비, 영양 및 대사 질환 (E00-E88)",남자,부산광역시,419,500,457
"내분비, 영양 및 대사 질환 (E00-E88)",남자,대구광역시,307,282,262
"내분비, 영양 및 대사 질환 (E00-E88)",남자,인천광역시,287,247,282
"내분비, 영양 및 대사 질환 (E00-E88)",남자,광주광역시,110,98,97
"내분비, 영양 및 대사 질환 (E00-E88)",남자,대전광역시,153,114,126
"내분비, 영양 및 대사 질환 (E00-E88)",남자,울산광역시,115,126,108
"내분비, 영양 및 대사 질환 (E00-E88)",남자,세종특별자치시,19,25,22
"내분비, 영양 및 대사 질환 (E00-E88)",남자,경기도,1058,1085,1162
"내분비, 영양 및 대사 질환 (E00-E88)",남자,강원도,197,160,148
"내분비, 영양 및 대사 질환 (E00-E88)",남자,충청북도,139,156,221
"내분비, 영양 및 대사 질환 (E00-E88)",남자,충청남도,198,213,215
"내분비, 영양 및 대사 질환 (E00-E88)",남자,전라북도,263,195,196
"내분비, 영양 및 대사 질환 (E00-E88)",남자,전라남도,248,322,286
"내분비, 영양 및 대사 질환 (E00-E88)",남자,경상북도,333,268,308
"내분비, 영양 및 대사 질환 (E00-E88)",남자,경상남도,395,282,307
"내분비, 영양 및 대사 질환 (E00-E88)",남자,제주도,39,40,45
"내분비, 영양 및 대사 질환 (E00-E88)",여자,전국,5159,4685,4947
"내분비, 영양 및 대사 질환 (E00-E88)",여자,서울특별시,653,539,671
"내분비, 영양 및 대사 질환 (E00-E88)",여자,부산광역시,478,515,456
"내분비, 영양 및 대사 질환 (E00-E88)",여자,대구광역시,273,241,250
"내분비, 영양 및 대사 질환 (E00-E88)",여자,인천광역시,311,225,236
"내분비, 영양 및 대사 질환 (E00-E88)",여자,광주광역시,145,129,135
"내분비, 영양 및 대사 질환 (E00-E88)",여자,대전광역시,159,126,147
"내분비, 영양 및 대사 질환 (E00-E88)",여자,울산광역시,121,151,163
"내분비, 영양 및 대사 질환 (E00-E88)",여자,세종특별자치시,30,18,12
"내분비, 영양 및 대사 질환 (E00-E88)",여자,경기도,1025,947,1070
"내분비, 영양 및 대사 질환 (E00-E88)",여자,강원도,185,149,169
"내분비, 영양 및 대사 질환 (E00-E88)",여자,충청북도,171,203,194
"내분비, 영양 및 대사 질환 (E00-E88)",여자,충청남도,224,233,224
"내분비, 영양 및 대사 질환 (E00-E88)",여자,전라북도,266,183,177
"내분비, 영양 및 대사 질환 (E00-E88)",여자,전라남도,305,312,283
"내분비, 영양 및 대사 질환 (E00-E88)",여자,경상북도,350,350,369
"내분비, 영양 및 대사 질환 (E00-E88)",여자,경상남도,401,320,355
"내분비, 영양 및 대사 질환 (E00-E88)",여자,제주도,62,44,36
정신 및 행동장애 (F01-F99),계,전국,4621,4672,4348
정신 및 행동장애 (F01-F99),계,서울특별시,603,493,672
정신 및 행동장애 (F01-F99),계,부산광역시,420,656,368
정신 및 행동장애 (F01-F99),계,대구광역시,118,94,111
정신 및 행동장애 (F01-F99),계,인천광역시,278,320,253
정신 및 행동장애 (F01-F99),계,광주광역시,93,115,141
정신 및 행동장애 (F01-F99),계,대전광역시,65,60,46
정신 및 행동장애 (F01-F99),계,울산광역시,117,163,90
정신 및 행동장애 (F01-F99),계,세종특별자치시,8,25,25
정신 및 행동장애 (F01-F99),계,경기도,1374,1091,1082
정신 및 행동장애 (F01-F99),계,강원도,185,220,128
정신 및 행동장애 (F01-F99),계,충청북도,135,168,250
정신 및 행동장애 (F01-F99),계,충청남도,142,228,174
정신 및 행동장애 (F01-F99),계,전라북도,174,180,135
정신 및 행동장애 (F01-F99),계,전라남도,210,391,102
정신 및 행동장애 (F01-F99),계,경상북도,348,168,193
정신 및 행동장애 (F01-F99),계,경상남도,299,275,530
정신 및 행동장애 (F01-F99),계,제주도,52,25,48
정신 및 행동장애 (F01-F99),남자,전국,2111,2095,2124
정신 및 행동장애 (F01-F99),남자,서울특별시,336,280,358
정신 및 행동장애 (F01-F99),남자,부산광역시,232,306,228
정신 및 행동장애 (F01-F99),남자,대구광역시,50,40,58
정신 및 행동장애 (F01-F99),남자,인천광역시,140,146,116
정신 및 행동장애 (F01-F99),남자,광주광역시,33,43,53
정신 및 행동장애 (F01-F99),남자,대전광역시,21,19,19
정신 및 행동장애 (F01-F99),남자,울산광역시,36,71,43
정신 및 행동장애 (F01-F99),남자,세종특별자치시,3,10,9
정신 및 행동장애 (F01-F99),남자,경기도,592,460,503
정신 및 행동장애 (F01-F99),남자,강원도,94,90,72
정신 및 행동장애 (F01-F99),남자,충청북도,57,79,122
정신 및 행동장애 (F01-F99),남자,충청남도,66,90,87
정신 및 행동장애 (F01-F99),남자,전라북도,74,72,70
정신 및 행동장애 (F01-F99),남자,전라남도,81,142,40
정신 및 행동장애 (F01-F99),남자,경상북도,152,79,103
정신 및 행동장애 (F01-F99),남자,경상남도,123,152,225
정신 및 행동장애 (F01-F99),남자,제주도,21,16,18
정신 및 행동장애 (F01-F99),여자,전국,2510,2577,2224
정신 및 행동장애 (F01-F99),여자,서울특별시,267,213,314
정신 및 행동장애 (F01-F99),여자,부산광역시,188,350,140
정신 및 행동장애 (F01-F99),여자,대구광역시,68,54,53
정신 및 행동장애 (F01-F99),여자,인천광역시,138,174,137
정신 및 행동장애 (F01-F99),여자,광주광역시,60,72,88
정신 및 행동장애 (F01-F99),여자,대전광역시,44,41,27
정신 및 행동장애 (F01-F99),여자,울산광역시,81,92,47
정신 및 행동장애 (F01-F99),여자,세종특별자치시,5,15,16
정신 및 행동장애 (F01-F99),여자,경기도,782,631,579
정신 및 행동장애 (F01-F99),여자,강원도,91,130,56
정신 및 행동장애 (F01-F99),여자,충청북도,78,89,128
정신 및 행동장애 (F01-F99),여자,충청남도,76,138,87
정신 및 행동장애 (F01-F99),여자,전라북도,100,108,65
정신 및 행동장애 (F01-F99),여자,전라남도,129,249,62
정신 및 행동장애 (F01-F99),여자,경상북도,196,89,90
정신 및 행동장애 (F01-F99),여자,경상남도,176,123,305
정신 및 행동장애 (F01-F99),여자,제주도,31,9,30
신경계통의 질환 (G00-G98),계,전국,12818,12903,13790
신경계통의 질환 (G00-G98),계,서울특별시,2181,1986,2415
신경계통의 질환 (G00-G98),계,부산광역시,1149,1263,1378
신경계통의 질환 (G00-G98),계,대구광역시,655,611,618
신경계통의 질환 (G00-G98),계,인천광역시,524,600,619
신경계통의 질환 (G00-G98),계,광주광역시,353,416,347
신경계통의 질환 (G00-G98),계,대전광역시,403,312,352
신경계통의 질환 (G00-G98),계,울산광역시,204,300,311
신경계통의 질환 (G00-G98),계,세종특별자치시,65,77,92
신경계통의 질환 (G00-G98),계,경기도,2136,2270,2225
신경계통의 질환 (G00-G98),계,강원도,399,312,328
신경계통의 질환 (G00-G98),계,충청북도,429,325,429
신경계통의 질환 (G00-G98),계,충청남도,788,662,705
신경계통의 질환 (G00-G98),계,전라북도,837,675,680
신경계통의 질환 (G00-G98),계,전라남도,524,689,1026
신경계통의 질환 (G00-G98),계,경상북도,720,993,1043
신경계통의 질환 (G00-G98),계,경상남도,1271,1262,1078
신경계통의 질환 (G00-G98),계,제주도,180,150,144
신경계통의 질환 (G00-G98),남자,전국,5129,5040,5452
신경계통의 질환 (G00-G98),남자,서울특별시,982,879,1049
신경계통의 질환 (G00-G98),남자,부산광역시,450,482,535
신경계통의 질환 (G00-G98),남자,대구광역시,236,244,248
신경계통의 질환 (G00-G98),남자,인천광역시,220,244,248
신경계통의 질환 (G00-G98),남자,광주광역시,116,137,123
신경계통의 질환 (G00-G98),남자,대전광역시,163,119,148
신경계통의 질환 (G00-G98),남자,울산광역시,78,110,102
신경계통의 질환 (G00-G98),남자,세종특별자치시,20,26,33
신경계통의 질환 (G00-G98),남자,경기도,968,979,998
신경계통의 질환 (G00-G98),남자,강원도,161,121,150
신경계통의 질환 (G00-G98),남자,충청북도,172,141,144
신경계통의 질환 (G00-G98),남자,충청남도,305,278,272
신경계통의 질환 (G00-G98),남자,전라북도,293,219,242
신경계통의 질환 (G00-G98),남자,전라남도,190,232,364
신경계통의 질환 (G00-G98),남자,경상북도,285,342,389
신경계통의 질환 (G00-G98),남자,경상남도,421,423,353
신경계통의 질환 (G00-G98),남자,제주도,69,64,54
신경계통의 질환 (G00-G98),여자,전국,7689,7863,8338
신경계통의 질환 (G00-G98),여자,서울특별시,1199,1107,1366
신경계통의 질환 (G00-G98),여자,부산광역시,699,781,843
신경계통의 질환 (G00-G98),여자,대구광역시,419,367,370
신경계통의 질환 (G00-G98),여자,인천광역시,304,356,371
신경계통의 질환 (G00-G98),여자,광주광역시,237,279,224
신경계통의 질환 (G00-G98),여자,대전광역시,240,193,204
신경계통의 질환 (G00-G98),여자,울산광역시,126,190,209
신경계통의 질환 (G00-G98),여자,세종특별자치시,45,51,59
신경계통의 질환 (G00-G98),여자,경기도,1168,1291,1227
신경계통의 질환 (G00-G98),여자,강원도,238,191,178
신경계통의 질환 (G00-G98),여자,충청북도,257,184,285
신경계통의 질환 (G00-G98),여자,충청남도,483,384,433
신경계통의 질환 (G00-G98),여자,전라북도,544,456,438
신경계통의 질환 (G00-G98),여자,전라남도,334,457,662
신경계통의 질환 (G00-G98),여자,경상북도,435,651,654
신경계통의 질환 (G00-G98),여자,경상남도,850,839,725
신경계통의 질환 (G00-G98),여자,제주도,111,86,90
눈 및 눈부속기의 질환 (H00-H57),계,전국,5,1,1
눈 및 눈부속기의 질환 (H00-H57),계,서울특별시,1,0,0
눈 및 눈부속기의 질환 (H00-H57),계,부산광역시,1,1,0
눈 및 눈부속기의 질환 (H00-H57),계,대구광역시,0,0,0
눈 및 눈부속기의 질환 (H00-H57),계,인천광역시,1,0,0
눈 및 눈부속기의 질환 (H00-H57),계,광주광역시,0,0,0
눈 및 눈부속기의 질환 (H00-H57),계,대전광역시,0,0,0
눈 및 눈부속기의 질환 (H00-H57),계,울산광역시,0,0,0
눈 및 눈부속기의 질환 (H00-H57),계,세종특별자치시,0,0,0
눈 및 눈부속기의 질환 (H00-H57),계,경기도,1,0,0
눈 및 눈부속기의 질환 (H00-H57),계,강원도,1,0,0
눈 및 눈부속기의 질환 (H00-H57),계,충청북도,0,0,0
눈 및 눈부속기의 질환 (H00-H57),계,충청남도,0,0,0
눈 및 눈부속기의 질환 (H00-H57),계,전라북도,0,0,0
눈 및 눈부속기의 질환 (H00-H57),계,전라남도,0,0,0
눈 및 눈부속기의 질환 (H00-H57),계,경상북도,0,0,1
눈 및 눈부속기의 질환 (H00-H57),계,경상남도,0,0,0
눈 및 눈부속기의 질환 (H00-H57),계,제주도,0,0,0
눈 및 눈부속기의 질환 (H00-H57),남자,전국,1,1,0
눈 및 눈부속기의 질환 (H00-H57),남자,서울특별시,0,0,0
눈 및 눈부속기의 질환 (H00-H57),남자,부산광역시,0,1,0
눈 및 눈부속기의 질환 (H00-H57),남자,대구광역시,0,0,0
눈 및 눈부속기의 질환 (H00-H57),남자,인천광역시,0,0,0
눈 및 눈부속기의 질환 (H00-H57),남자,광주광역시,0,0,0
눈 및 눈부속기의 질환 (H00-H57),남자,대전광역시,0,0,0
눈 및 눈부속기의 질환 (H00-H57),남자,울산광역시,0,0,0
눈 및 눈부속기의 질환 (H00-H57),남자,세종특별자치시,0,0,0
눈 및 눈부속기의 질환 (H00-H57),남자,경기도,0,0,0
눈 및 눈부속기의 질환 (H00-H57),남자,강원도,1,0,0
눈 및 눈부속기의 질환 (H00-H57),남자,충청북도,0,0,0
눈 및 눈부속기의 질환 (H00-H57),남자,충청남도,0,0,0
눈 및 눈부속기의 질환 (H00-H57),남자,전라북도,0,0,0
눈 및 눈부속기의 질환 (H00-H57),남자,전라남도,0,0,0
눈 및 눈부속기의 질환 (H00-H57),남자,경상북도,0,0,0
눈 및 눈부속기의 질환 (H00-H57),남자,경상남도,0,0,0
눈 및 눈부속기의 질환 (H00-H57),남자,제주도,0,0,0
눈 및 눈부속기의 질환 (H00-H57),여자,전국,4,0,1
눈 및 눈부속기의 질환 (H00-H57),여자,서울특별시,1,0,0
눈 및 눈부속기의 질환 (H00-H57),여자,부산광역시,1,0,0
눈 및 눈부속기의 질환 (H00-H57),여자,대구광역시,0,0,0
눈 및 눈부속기의 질환 (H00-H57),여자,인천광역시,1,0,0
눈 및 눈부속기의 질환 (H00-H57),여자,광주광역시,0,0,0
눈 및 눈부속기의 질환 (H00-H57),여자,대전광역시,0,0,0
눈 및 눈부속기의 질환 (H00-H57),여자,울산광역시,0,0,0
눈 및 눈부속기의 질환 (H00-H57),여자,세종특별자치시,0,0,0
눈 및 눈부속기의 질환 (H00-H57),여자,경기도,1,0,0
눈 및 눈부속기의 질환 (H00-H57),여자,강원도,0,0,0
눈 및 눈부속기의 질환 (H00-H57),여자,충청북도,0,0,0
눈 및 눈부속기의 질환 (H00-H57),여자,충청남도,0,0,0
눈 및 눈부속기의 질환 (H00-H57),여자,전라북도,0,0,0
눈 및 눈부속기의 질환 (H00-H57),여자,전라남도,0,0,0
눈 및 눈부속기의 질환 (H00-H57),여자,경상북도,0,0,1
눈 및 눈부속기의 질환 (H00-H57),여자,경상남도,0,0,0
눈 및 눈부속기의 질환 (H00-H57),여자,제주도,0,0,0
귀 및 유돌의 질환 (H60-H93),계,전국,9,6,5
귀 및 유돌의 질환 (H60-H93),계,서울특별시,2,0,0
귀 및 유돌의 질환 (H60-H93),계,부산광역시,5,0,1
귀 및 유돌의 질환 (H60-H93),계,대구광역시,0,1,0
귀 및 유돌의 질환 (H60-H93),계,인천광역시,0,0,0
귀 및 유돌의 질환 (H60-H93),계,광주광역시,0,0,0
귀 및 유돌의 질환 (H60-H93),계,대전광역시,0,0,0
귀 및 유돌의 질환 (H60-H93),계,울산광역시,0,0,0
귀 및 유돌의 질환 (H60-H93),계,세종특별자치시,0,0,0
귀 및 유돌의 질환 (H60-H93),계,경기도,1,1,1
귀 및 유돌의 질환 (H60-H93),계,강원도,1,0,2
귀 및 유돌의 질환 (H60-H93),계,충청북도,0,0,0
귀 및 유돌의 질환 (H60-H93),계,충청남도,0,0,0
귀 및 유돌의 질환 (H60-H93),계,전라북도,0,3,0
귀 및 유돌의 질환 (H60-H93),계,전라남도,0,1,0
귀 및 유돌의 질환 (H60-H93),계,경상북도,0,0,0
귀 및 유돌의 질환 (H60-H93),계,경상남도,0,0,1
귀 및 유돌의 질환 (H60-H93),계,제주도,0,0,0
귀 및 유돌의 질환 (H60-H93),남자,전국,5,3,4
귀 및 유돌의 질환 (H60-H93),남자,서울특별시,1,0,0
귀 및 유돌의 질환 (H60-H93),남자,부산광역시,3,0,1
귀 및 유돌의 질환 (H60-H93),남자,대구광역시,0,0,0
귀 및 유돌의 질환 (H60-H93),남자,인천광역시,0,0,0
귀 및 유돌의 질환 (H60-H93),남자,광주광역시,0,0,0
귀 및 유돌의 질환 (H60-H93),남자,대전광역시,0,0,0
귀 및 유돌의 질환 (H60-H93),남자,울산광역시,0,0,0
귀 및 유돌의 질환 (H60-H93),남자,세종특별자치시,0,0,0
귀 및 유돌의 질환 (H60-H93),남자,경기도,1,1,1
귀 및 유돌의 질환 (H60-H93),남자,강원도,0,0,2
귀 및 유돌의 질환 (H60-H93),남자,충청북도,0,0,0
귀 및 유돌의 질환 (H60-H93),남자,충청남도,0,0,0
귀 및 유돌의 질환 (H60-H93),남자,전라북도,0,2,0
귀 및 유돌의 질환 (H60-H93),남자,전라남도,0,0,0
귀 및 유돌의 질환 (H60-H93),남자,경상북도,0,0,0
귀 및 유돌의 질환 (H60-H93),남자,경상남도,0,0,0
귀 및 유돌의 질환 (H60-H93),남자,제주도,0,0,0
귀 및 유돌의 질환 (H60-H93),여자,전국,4,3,1
귀 및 유돌의 질환 (H60-H93),여자,서울특별시,1,0,0
귀 및 유돌의 질환 (H60-H93),여자,부산광역시,2,0,0
귀 및 유돌의 질환 (H60-H93),여자,대구광역시,0,1,0
귀 및 유돌의 질환 (H60-H93),여자,인천광역시,0,0,0
귀 및 유돌의 질환 (H60-H93),여자,광주광역시,0,0,0
귀 및 유돌의 질환 (H60-H93),여자,대전광역시,0,0,0
귀 및 유돌의 질환 (H60-H93),여자,울산광역시,0,0,0
귀 및 유돌의 질환 (H60-H93),여자,세종특별자치시,0,0,0
귀 및 유돌의 질환 (H60-H93),여자,경기도,0,0,0
귀 및 유돌의 질환 (H60-H93),여자,강원도,1,0,0
귀 및 유돌의 질환 (H60-H93),여자,충청북도,0,0,0
귀 및 유돌의 질환 (H60-H93),여자,충청남도,0,0,0
귀 및 유돌의 질환 (H60-H93),여자,전라북도,0,1,0
귀 및 유돌의 질환 (H60-H93),여자,전라남도,0,1,0
귀 및 유돌의 질환 (H60-H93),여자,경상북도,0,0,0
귀 및 유돌의 질환 (H60-H93),여자,경상남도,0,0,1
귀 및 유돌의 질환 (H60-H93),여자,제주도,0,0,0
순환계통 질환 (I00-I99),계,전국,62947,60252,62196
순환계통 질환 (I00-I99),계,서울특별시,9211,8685,9051
순환계통 질환 (I00-I99),계,부산광역시,5235,5121,5507
순환계통 질환 (I00-I99),계,대구광역시,3271,2856,3059
순환계통 질환 (I00-I99),계,인천광역시,3215,2951,2786
순환계통 질환 (I00-I99),계,광주광역시,1588,1421,1371
순환계통 질환 (I00-I99),계,대전광역시,1436,1246,1289
순환계통 질환 (I00-I99),계,울산광역시,1245,1221,1299
순환계통 질환 (I00-I99),계,세종특별자치시,274,236,253
순환계통 질환 (I00-I99),계,경기도,12467,12422,12534
순환계통 질환 (I00-I99),계,강원도,2486,2406,2429
순환계통 질환 (I00-I99),계,충청북도,2225,2230,2258
순환계통 질환 (I00-I99),계,충청남도,3103,3080,3113
순환계통 질환 (I00-I99),계,전라북도,2806,2870,2926
순환계통 질환 (I00-I99),계,전라남도,3349,3435,3531
순환계통 질환 (I00-I99),계,경상북도,4717,4590,5146
순환계통 질환 (I00-I99),계,경상남도,5587,4835,4986
순환계통 질환 (I00-I99),계,제주도,732,647,658
순환계통 질환 (I00-I99),남자,전국,29342,28672,29568
순환계통 질환 (I00-I99),남자,서울특별시,4799,4612,4856
순환계통 질환 (I00-I99),남자,부산광역시,2478,2464,2725
순환계통 질환 (I00-I99),남자,대구광역시,1514,1346,1472
순환계통 질환 (I00-I99),남자,인천광역시,1535,1509,1370
순환계통 질환 (I00-I99),남자,광주광역시,690,630,639
순환계통 질환 (I00-I99),남자,대전광역시,645,578,588
순환계통 질환 (I00-I99),남자,울산광역시,597,599,595
순환계통 질환 (I00-I99),남자,세종특별자치시,113,101,117
순환계통 질환 (I00-I99),남자,경기도,6067,6081,6167
순환계통 질환 (I00-I99),남자,강원도,1123,1140,1115
순환계통 질환 (I00-I99),남자,충청북도,1017,1025,1007
순환계통 질환 (I00-I99),남자,충청남도,1359,1366,1380
순환계통 질환 (I00-I99),남자,전라북도,1196,1244,1244
순환계통 질환 (I00-I99),남자,전라남도,1417,1461,1486
순환계통 질환 (I00-I99),남자,경상북도,2048,2030,2245
순환계통 질환 (I00-I99),남자,경상남도,2421,2185,2253
순환계통 질환 (I00-I99),남자,제주도,323,301,309
순환계통 질환 (I00-I99),여자,전국,33605,31580,32628
순환계통 질환 (I00-I99),여자,서울특별시,4412,4073,4195
순환계통 질환 (I00-I99),여자,부산광역시,2757,2657,2782
순환계통 질환 (I00-I99),여자,대구광역시,1757,1510,1587
순환계통 질환 (I00-I99),여자,인천광역시,1680,1442,1416
순환계통 질환 (I00-I99),여자,광주광역시,898,791,732
순환계통 질환 (I00-I99),여자,대전광역시,791,668,701
순환계통 질환 (I00-I99),여자,울산광역시,648,622,704
순환계통 질환 (I00-I99),여자,세종특별자치시,161,135,136
순환계통 질환 (I00-I99),여자,경기도,6400,6341,6367
순환계통 질환 (I00-I99),여자,강원도,1363,1266,1314
순환계통 질환 (I00-I99),여자,충청북도,1208,1205,1251
순환계통 질환 (I00-I99),여자,충청남도,1744,1714,1733
순환계통 질환 (I00-I99),여자,전라북도,1610,1626,1682
순환계통 질환 (I00-I99),여자,전라남도,1932,1974,2045
순환계통 질환 (I00-I99),여자,경상북도,2669,2560,2901
순환계통 질환 (I00-I99),여자,경상남도,3166,2650,2733
순환계통 질환 (I00-I99),여자,제주도,409,346,349
"호흡계통의 질환 (J00-J98,U04)",계,전국,37763,36655,36368
"호흡계통의 질환 (J00-J98,U04)",계,서울특별시,4481,4648,4235
"호흡계통의 질환 (J00-J98,U04)",계,부산광역시,2596,2037,2240
"호흡계통의 질환 (J00-J98,U04)",계,대구광역시,1726,1757,1829
"호흡계통의 질환 (J00-J98,U04)",계,인천광역시,1902,1710,1834
"호흡계통의 질환 (J00-J98,U04)",계,광주광역시,1157,1112,1148
"호흡계통의 질환 (J00-J98,U04)",계,대전광역시,763,1013,820
"호흡계통의 질환 (J00-J98,U04)",계,울산광역시,606,452,441
"호흡계통의 질환 (J00-J98,U04)",계,세종특별자치시,166,144,171
"호흡계통의 질환 (J00-J98,U04)",계,경기도,7143,7095,7280
"호흡계통의 질환 (J00-J98,U04)",계,강원도,1829,1752,1864
"호흡계통의 질환 (J00-J98,U04)",계,충청북도,1703,1712,1495
"호흡계통의 질환 (J00-J98,U04)",계,충청남도,2108,2131,2072
"호흡계통의 질환 (J00-J98,U04)",계,전라북도,1946,2184,2040
"호흡계통의 질환 (J00-J98,U04)",계,전라남도,2874,2231,2307
"호흡계통의 질환 (J00-J98,U04)",계,경상북도,3670,3307,3242
"호흡계통의 질환 (J00-J98,U04)",계,경상남도,2620,2796,2892
"호흡계통의 질환 (J00-J98,U04)",계,제주도,473,574,458
"호흡계통의 질환 (J00-J98,U04)",남자,전국,20777,20513,20671
"호흡계통의 질환 (J00-J98,U04)",남자,서울특별시,2584,2734,2545
"호흡계통의 질환 (J00-J98,U04)",남자,부산광역시,1456,1186,1337
"호흡계통의 질환 (J00-J98,U04)",남자,대구광역시,966,978,1039
"호흡계통의 질환 (J00-J98,U04)",남자,인천광역시,1063,952,1085
"호흡계통의 질환 (J00-J98,U04)",남자,광주광역시,617,596,630
"호흡계통의 질환 (J00-J98,U04)",남자,대전광역시,410,582,475
"호흡계통의 질환 (J00-J98,U04)",남자,울산광역시,323,245,259
"호흡계통의 질환 (J00-J98,U04)",남자,세종특별자치시,85,76,86
"호흡계통의 질환 (J00-J98,U04)",남자,경기도,3986,3933,4190
"호흡계통의 질환 (J00-J98,U04)",남자,강원도,1002,1042,1053
"호흡계통의 질환 (J00-J98,U04)",남자,충청북도,930,970,840
"호흡계통의 질환 (J00-J98,U04)",남자,충청남도,1176,1226,1192
"호흡계통의 질환 (J00-J98,U04)",남자,전라북도,1047,1221,1129
"호흡계통의 질환 (J00-J98,U04)",남자,전라남도,1613,1228,1264
"호흡계통의 질환 (J00-J98,U04)",남자,경상북도,1924,1781,1786
"호흡계통의 질환 (J00-J98,U04)",남자,경상남도,1377,1484,1545
"호흡계통의 질환 (J00-J98,U04)",남자,제주도,218,279,216
"호흡계통의 질환 (J00-J98,U04)",여자,전국,16986,16142,15697
"호흡계통의 질환 (J00-J98,U04)",여자,서울특별시,1897,1914,1690
"호흡계통의 질환 (J00-J98,U04)",여자,부산광역시,1140,851,903
"호흡계통의 질환 (J00-J98,U04)",여자,대구광역시,760,779,790
"호흡계통의 질환 (J00-J98,U04)",여자,인천광역시,839,758,749
"호흡계통의 질환 (J00-J98,U04)",여자,광주광역시,540,516,518
"호흡계통의 질환 (J00-J98,U04)",여자,대전광역시,353,431,345
"호흡계통의 질환 (J00-J98,U04)",여자,울산광역시,283,207,182
"호흡계통의 질환 (J00-J98,U04)",여자,세종특별자치시,81,68,85
"호흡계통의 질환 (J00-J98,U04)",여자,경기도,3157,3162,3090
"호흡계통의 질환 (J00-J98,U04)",여자,강원도,827,710,811
"호흡계통의 질환 (J00-J98,U04)",여자,충청북도,773,742,655
"호흡계통의 질환 (J00-J98,U04)",여자,충청남도,932,905,880
"호흡계통의 질환 (J00-J98,U04)",여자,전라북도,899,963,911
"호흡계통의 질환 (J00-J98,U04)",여자,전라남도,1261,1003,1043
"호흡계통의 질환 (J00-J98,U04)",여자,경상북도,1746,1526,1456
"호흡계통의 질환 (J00-J98,U04)",여자,경상남도,1243,1312,1347
"호흡계통의 질환 (J00-J98,U04)",여자,제주도,255,295,242
소화계통의 질환 (K00-K92),계,전국,12401,11963,12870
소화계통의 질환 (K00-K92),계,서울특별시,1822,1765,1920
소화계통의 질환 (K00-K92),계,부산광역시,1056,948,1051
소화계통의 질환 (K00-K92),계,대구광역시,566,569,661
소화계통의 질환 (K00-K92),계,인천광역시,689,625,734
소화계통의 질환 (K00-K92),계,광주광역시,299,276,287
소화계통의 질환 (K00-K92),계,대전광역시,268,270,286
소화계통의 질환 (K00-K92),계,울산광역시,258,245,268
소화계통의 질환 (K00-K92),계,세종특별자치시,31,38,51
소화계통의 질환 (K00-K92),계,경기도,2534,2411,2494
소화계통의 질환 (K00-K92),계,강원도,540,506,560
소화계통의 질환 (K00-K92),계,충청북도,449,461,533
소화계통의 질환 (K00-K92),계,충청남도,641,537,582
소화계통의 질환 (K00-K92),계,전라북도,501,537,527
소화계통의 질환 (K00-K92),계,전라남도,733,735,766
소화계통의 질환 (K00-K92),계,경상북도,858,874,918
소화계통의 질환 (K00-K92),계,경상남도,956,968,979
소화계통의 질환 (K00-K92),계,제주도,200,198,253
소화계통의 질환 (K00-K92),남자,전국,7650,7316,7922
소화계통의 질환 (K00-K92),남자,서울특별시,1182,1130,1230
소화계통의 질환 (K00-K92),남자,부산광역시,648,578,672
소화계통의 질환 (K00-K92),남자,대구광역시,383,369,422
소화계통의 질환 (K00-K92),남자,인천광역시,444,402,472
소화계통의 질환 (K00-K92),남자,광주광역시,168,149,154
소화계통의 질환 (K00-K92),남자,대전광역시,165,157,176
소화계통의 질환 (K00-K92),남자,울산광역시,168,143,178
소화계통의 질환 (K00-K92),남자,세종특별자치시,20,20,31
소화계통의 질환 (K00-K92),남자,경기도,1558,1527,1521
소화계통의 질환 (K00-K92),남자,강원도,334,325,331
소화계통의 질환 (K00-K92),남자,충청북도,289,272,321
소화계통의 질환 (K00-K92),남자,충청남도,393,318,374
소화계통의 질환 (K00-K92),남자,전라북도,305,320,302
소화계통의 질환 (K00-K92),남자,전라남도,398,411,433
소화계통의 질환 (K00-K92),남자,경상북도,500,515,564
소화계통의 질환 (K00-K92),남자,경상남도,579,563,586
소화계통의 질환 (K00-K92),남자,제주도,116,117,155
소화계통의 질환 (K00-K92),여자,전국,4751,4647,4948
소화계통의 질환 (K00-K92),여자,서울특별시,640,635,690
소화계통의 질환 (K00-K92),여자,부산광역시,408,370,379
소화계통의 질환 (K00-K92),여자,대구광역시,183,200,239
소화계통의 질환 (K00-K92),여자,인천광역시,245,223,262
소화계통의 질환 (K00-K92),여자,광주광역시,131,127,133
소화계통의 질환 (K00-K92),여자,대전광역시,103,113,110
소화계통의 질환 (K00-K92),여자,울산광역시,90,102,90
소화계통의 질환 (K00-K92),여자,세종특별자치시,11,18,20
소화계통의 질환 (K00-K92),여자,경기도,976,884,973
소화계통의 질환 (K00-K92),여자,강원도,206,181,229
소화계통의 질환 (K00-K92),여자,충청북도,160,189,212
소화계통의 질환 (K00-K92),여자,충청남도,248,219,208
소화계통의 질환 (K00-K92),여자,전라북도,196,217,225
소화계통의 질환 (K00-K92),여자,전라남도,335,324,333
소화계통의 질환 (K00-K92),여자,경상북도,358,359,354
소화계통의 질환 (K00-K92),여자,경상남도,377,405,393
소화계통의 질환 (K00-K92),여자,제주도,84,81,98
피부 및 피하조직의 질환 (L00-L98),계,전국,612,617,568
피부 및 피하조직의 질환 (L00-L98),계,서울특별시,47,49,59
피부 및 피하조직의 질환 (L00-L98),계,부산광역시,63,55,53
피부 및 피하조직의 질환 (L00-L98),계,대구광역시,21,25,24
피부 및 피하조직의 질환 (L00-L98),계,인천광역시,33,29,29
피부 및 피하조직의 질환 (L00-L98),계,광주광역시,20,20,27
피부 및 피하조직의 질환 (L00-L98),계,대전광역시,15,15,15
피부 및 피하조직의 질환 (L00-L98),계,울산광역시,9,12,9
피부 및 피하조직의 질환 (L00-L98),계,세종특별자치시,2,1,2
피부 및 피하조직의 질환 (L00-L98),계,경기도,100,82,84
피부 및 피하조직의 질환 (L00-L98),계,강원도,28,39,37
피부 및 피하조직의 질환 (L00-L98),계,충청북도,29,24,25
피부 및 피하조직의 질환 (L00-L98),계,충청남도,37,40,24
피부 및 피하조직의 질환 (L00-L98),계,전라북도,33,32,29
피부 및 피하조직의 질환 (L00-L98),계,전라남도,50,86,34
피부 및 피하조직의 질환 (L00-L98),계,경상북도,52,48,41
피부 및 피하조직의 질환 (L00-L98),계,경상남도,66,51,72
피부 및 피하조직의 질환 (L00-L98),계,제주도,7,9,4
피부 및 피하조직의 질환 (L00-L98),남자,전국,239,203,241
피부 및 피하조직의 질환 (L00-L98),남자,서울특별시,24,20,26
피부 및 피하조직의 질환 (L00-L98),남자,부산광역시,30,19,24
피부 및 피하조직의 질환 (L00-L98),남자,대구광역시,13,8,16
피부 및 피하조직의 질환 (L00-L98),남자,인천광역시,18,15,13
피부 및 피하조직의 질환 (L00-L98),남자,광주광역시,8,7,13
피부 및 피하조직의 질환 (L00-L98),남자,대전광역시,6,3,11
피부 및 피하조직의 질환 (L00-L98),남자,울산광역시,3,3,3
피부 및 피하조직의 질환 (L00-L98),남자,세종특별자치시,1,0,0
피부 및 피하조직의 질환 (L00-L98),남자,경기도,35,28,40
피부 및 피하조직의 질환 (L00-L98),남자,강원도,9,15,12
피부 및 피하조직의 질환 (L00-L98),남자,충청북도,10,9,11
피부 및 피하조직의 질환 (L00-L98),남자,충청남도,16,14,9
피부 및 피하조직의 질환 (L00-L98),남자,전라북도,9,10,7
피부 및 피하조직의 질환 (L00-L98),남자,전라남도,21,20,14
피부 및 피하조직의 질환 (L00-L98),남자,경상북도,12,15,16
피부 및 피하조직의 질환 (L00-L98),남자,경상남도,21,13,24
피부 및 피하조직의 질환 (L00-L98),남자,제주도,3,4,2
피부 및 피하조직의 질환 (L00-L98),여자,전국,373,414,327
피부 및 피하조직의 질환 (L00-L98),여자,서울특별시,23,29,33
피부 및 피하조직의 질환 (L00-L98),여자,부산광역시,33,36,29
피부 및 피하조직의 질환 (L00-L98),여자,대구광역시,8,17,8
피부 및 피하조직의 질환 (L00-L98),여자,인천광역시,15,14,16
피부 및 피하조직의 질환 (L00-L98),여자,광주광역시,12,13,14
피부 및 피하조직의 질환 (L00-L98),여자,대전광역시,9,12,4
피부 및 피하조직의 질환 (L00-L98),여자,울산광역시,6,9,6
피부 및 피하조직의 질환 (L00-L98),여자,세종특별자치시,1,1,2
피부 및 피하조직의 질환 (L00-L98),여자,경기도,65,54,44
피부 및 피하조직의 질환 (L00-L98),여자,강원도,19,24,25
피부 및 피하조직의 질환 (L00-L98),여자,충청북도,19,15,14
피부 및 피하조직의 질환 (L00-L98),여자,충청남도,21,26,15
피부 및 피하조직의 질환 (L00-L98),여자,전라북도,24,22,22
피부 및 피하조직의 질환 (L00-L98),여자,전라남도,29,66,20
피부 및 피하조직의 질환 (L00-L98),여자,경상북도,40,33,25
피부 및 피하조직의 질환 (L00-L98),여자,경상남도,45,38,48
피부 및 피하조직의 질환 (L00-L98),여자,제주도,4,5,2
근골격계통 및 결합 조직의 질환 (M00-M99),계,전국,1412,1366,1413
근골격계통 및 결합 조직의 질환 (M00-M99),계,서울특별시,274,258,286
근골격계통 및 결합 조직의 질환 (M00-M99),계,부산광역시,85,136,103
근골격계통 및 결합 조직의 질환 (M00-M99),계,대구광역시,48,53,60
근골격계통 및 결합 조직의 질환 (M00-M99),계,인천광역시,53,64,51
근골격계통 및 결합 조직의 질환 (M00-M99),계,광주광역시,33,22,29
근골격계통 및 결합 조직의 질환 (M00-M99),계,대전광역시,35,13,34
근골격계통 및 결합 조직의 질환 (M00-M99),계,울산광역시,29,33,24
근골격계통 및 결합 조직의 질환 (M00-M99),계,세종특별자치시,4,8,11
근골격계통 및 결합 조직의 질환 (M00-M99),계,경기도,290,268,245
근골격계통 및 결합 조직의 질환 (M00-M99),계,강원도,83,49,52
근골격계통 및 결합 조직의 질환 (M00-M99),계,충청북도,64,45,70
근골격계통 및 결합 조직의 질환 (M00-M99),계,충청남도,84,64,85
근골격계통 및 결합 조직의 질환 (M00-M99),계,전라북도,58,42,49
근골격계통 및 결합 조직의 질환 (M00-M99),계,전라남도,66,91,106
근골격계통 및 결합 조직의 질환 (M00-M99),계,경상북도,83,100,119
근골격계통 및 결합 조직의 질환 (M00-M99),계,경상남도,97,104,74
근골격계통 및 결합 조직의 질환 (M00-M99),계,제주도,26,16,15
근골격계통 및 결합 조직의 질환 (M00-M99),남자,전국,476,497,489
근골격계통 및 결합 조직의 질환 (M00-M99),남자,서울특별시,83,80,84
근골격계통 및 결합 조직의 질환 (M00-M99),남자,부산광역시,31,48,33
근골격계통 및 결합 조직의 질환 (M00-M99),남자,대구광역시,17,20,30
근골격계통 및 결합 조직의 질환 (M00-M99),남자,인천광역시,13,20,24
근골격계통 및 결합 조직의 질환 (M00-M99),남자,광주광역시,10,9,13
근골격계통 및 결합 조직의 질환 (M00-M99),남자,대전광역시,9,6,13
근골격계통 및 결합 조직의 질환 (M00-M99),남자,울산광역시,11,12,7
근골격계통 및 결합 조직의 질환 (M00-M99),남자,세종특별자치시,2,3,4
근골격계통 및 결합 조직의 질환 (M00-M99),남자,경기도,106,113,78
근골격계통 및 결합 조직의 질환 (M00-M99),남자,강원도,23,20,19
근골격계통 및 결합 조직의 질환 (M00-M99),남자,충청북도,22,15,28
근골격계통 및 결합 조직의 질환 (M00-M99),남자,충청남도,35,24,22
근골격계통 및 결합 조직의 질환 (M00-M99),남자,전라북도,16,16,20
근골격계통 및 결합 조직의 질환 (M00-M99),남자,전라남도,19,39,33
근골격계통 및 결합 조직의 질환 (M00-M99),남자,경상북도,26,33,34
근골격계통 및 결합 조직의 질환 (M00-M99),남자,경상남도,44,35,42
근골격계통 및 결합 조직의 질환 (M00-M99),남자,제주도,9,4,5
근골격계통 및 결합 조직의 질환 (M00-M99),여자,전국,936,869,924
근골격계통 및 결합 조직의 질환 (M00-M99),여자,서울특별시,191,178,202
근골격계통 및 결합 조직의 질환 (M00-M99),여자,부산광역시,54,88,70
근골격계통 및 결합 조직의 질환 (M00-M99),여자,대구광역시,31,33,30
근골격계통 및 결합 조직의 질환 (M00-M99),여자,인천광역시,40,44,27
근골격계통 및 결합 조직의 질환 (M00-M99),여자,광주광역시,23,13,16
근골격계통 및 결합 조직의 질환 (M00-M99),여자,대전광역시,26,7,21
근골격계통 및 결합 조직의 질환 (M00-M99),여자,울산광역시,18,21,17
근골격계통 및 결합 조직의 질환 (M00-M99),여자,세종특별자치시,2,5,7
근골격계통 및 결합 조직의 질환 (M00-M99),여자,경기도,184,155,167
근골격계통 및 결합 조직의 질환 (M00-M99),여자,강원도,60,29,33
근골격계통 및 결합 조직의 질환 (M00-M99),여자,충청북도,42,30,42
근골격계통 및 결합 조직의 질환 (M00-M99),여자,충청남도,49,40,63
근골격계통 및 결합 조직의 질환 (M00-M99),여자,전라북도,42,26,29
근골격계통 및 결합 조직의 질환 (M00-M99),여자,전라남도,47,52,73
근골격계통 및 결합 조직의 질환 (M00-M99),여자,경상북도,57,67,85
근골격계통 및 결합 조직의 질환 (M00-M99),여자,경상남도,53,69,32
근골격계통 및 결합 조직의 질환 (M00-M99),여자,제주도,17,12,10
비뇨생식계통의 질환 (N00-N98),계,전국,8160,8565,9343
비뇨생식계통의 질환 (N00-N98),계,서울특별시,1153,1183,1328
비뇨생식계통의 질환 (N00-N98),계,부산광역시,687,658,687
비뇨생식계통의 질환 (N00-N98),계,대구광역시,316,377,500
비뇨생식계통의 질환 (N00-N98),계,인천광역시,463,475,557
비뇨생식계통의 질환 (N00-N98),계,광주광역시,184,205,255
비뇨생식계통의 질환 (N00-N98),계,대전광역시,221,216,221
비뇨생식계통의 질환 (N00-N98),계,울산광역시,140,138,155
비뇨생식계통의 질환 (N00-N98),계,세종특별자치시,16,30,36
비뇨생식계통의 질환 (N00-N98),계,경기도,1687,1668,1853
비뇨생식계통의 질환 (N00-N98),계,강원도,379,424,452
비뇨생식계통의 질환 (N00-N98),계,충청북도,327,332,350
비뇨생식계통의 질환 (N00-N98),계,충청남도,463,498,425
비뇨생식계통의 질환 (N00-N98),계,전라북도,344,448,508
비뇨생식계통의 질환 (N00-N98),계,전라남도,496,554,533
비뇨생식계통의 질환 (N00-N98),계,경상북도,609,593,650
비뇨생식계통의 질환 (N00-N98),계,경상남도,529,613,685
비뇨생식계통의 질환 (N00-N98),계,제주도,146,153,148
비뇨생식계통의 질환 (N00-N98),남자,전국,3548,3712,4113
비뇨생식계통의 질환 (N00-N98),남자,서울특별시,527,557,647
비뇨생식계통의 질환 (N00-N98),남자,부산광역시,321,295,296
비뇨생식계통의 질환 (N00-N98),남자,대구광역시,141,168,196
비뇨생식계통의 질환 (N00-N98),남자,인천광역시,216,204,240
비뇨생식계통의 질환 (N00-N98),남자,광주광역시,73,75,111
비뇨생식계통의 질환 (N00-N98),남자,대전광역시,105,90,118
비뇨생식계통의 질환 (N00-N98),남자,울산광역시,60,61,65
비뇨생식계통의 질환 (N00-N98),남자,세종특별자치시,5,13,13
비뇨생식계통의 질환 (N00-N98),남자,경기도,725,757,833
비뇨생식계통의 질환 (N00-N98),남자,강원도,182,177,177
비뇨생식계통의 질환 (N00-N98),남자,충청북도,134,122,149
비뇨생식계통의 질환 (N00-N98),남자,충청남도,194,215,187
비뇨생식계통의 질환 (N00-N98),남자,전라북도,149,180,247
비뇨생식계통의 질환 (N00-N98),남자,전라남도,189,232,210
비뇨생식계통의 질환 (N00-N98),남자,경상북도,249,252,280
비뇨생식계통의 질환 (N00-N98),남자,경상남도,223,244,277
비뇨생식계통의 질환 (N00-N98),남자,제주도,55,70,67
비뇨생식계통의 질환 (N00-N98),여자,전국,4612,4853,5230
비뇨생식계통의 질환 (N00-N98),여자,서울특별시,626,626,681
비뇨생식계통의 질환 (N00-N98),여자,부산광역시,366,363,391
비뇨생식계통의 질환 (N00-N98),여자,대구광역시,175,209,304
비뇨생식계통의 질환 (N00-N98),여자,인천광역시,247,271,317
비뇨생식계통의 질환 (N00-N98),여자,광주광역시,111,130,144
비뇨생식계통의 질환 (N00-N98),여자,대전광역시,116,126,103
비뇨생식계통의 질환 (N00-N98),여자,울산광역시,80,77,90
비뇨생식계통의 질환 (N00-N98),여자,세종특별자치시,11,17,23
비뇨생식계통의 질환 (N00-N98),여자,경기도,962,911,1020
비뇨생식계통의 질환 (N00-N98),여자,강원도,197,247,275
비뇨생식계통의 질환 (N00-N98),여자,충청북도,193,210,201
비뇨생식계통의 질환 (N00-N98),여자,충청남도,269,283,238
비뇨생식계통의 질환 (N00-N98),여자,전라북도,195,268,261
비뇨생식계통의 질환 (N00-N98),여자,전라남도,307,322,323
비뇨생식계통의 질환 (N00-N98),여자,경상북도,360,341,370
비뇨생식계통의 질환 (N00-N98),여자,경상남도,306,369,408
비뇨생식계통의 질환 (N00-N98),여자,제주도,91,83,81
"임신, 출산 및 산후기 (O00-O99)",계,전국,41,36,36
"임신, 출산 및 산후기 (O00-O99)",계,서울특별시,4,3,6
"임신, 출산 및 산후기 (O00-O99)",계,부산광역시,4,1,2
"임신, 출산 및 산후기 (O00-O99)",계,대구광역시,2,3,1
"임신, 출산 및 산후기 (O00-O99)",계,인천광역시,1,1,2
"임신, 출산 및 산후기 (O00-O99)",계,광주광역시,0,1,0
"임신, 출산 및 산후기 (O00-O99)",계,대전광역시,1,2,3
"임신, 출산 및 산후기 (O00-O99)",계,울산광역시,1,2,0
"임신, 출산 및 산후기 (O00-O99)",계,세종특별자치시,0,0,1
"임신, 출산 및 산후기 (O00-O99)",계,경기도,15,9,14
"임신, 출산 및 산후기 (O00-O99)",계,강원도,2,2,0
"임신, 출산 및 산후기 (O00-O99)",계,충청북도,0,1,0
"임신, 출산 및 산후기 (O00-O99)",계,충청남도,1,1,0
"임신, 출산 및 산후기 (O00-O99)",계,전라북도,1,2,0
"임신, 출산 및 산후기 (O00-O99)",계,전라남도,1,1,3
"임신, 출산 및 산후기 (O00-O99)",계,경상북도,4,2,1
"임신, 출산 및 산후기 (O00-O99)",계,경상남도,3,4,3
"임신, 출산 및 산후기 (O00-O99)",계,제주도,1,1,0
"임신, 출산 및 산후기 (O00-O99)",남자,전국,0,0,0
"임신, 출산 및 산후기 (O00-O99)",남자,서울특별시,0,0,0
"임신, 출산 및 산후기 (O00-O99)",남자,부산광역시,0,0,0
"임신, 출산 및 산후기 (O00-O99)",남자,대구광역시,0,0,0
"임신, 출산 및 산후기 (O00-O99)",남자,인천광역시,0,0,0
"임신, 출산 및 산후기 (O00-O99)",남자,광주광역시,0,0,0
"임신, 출산 및 산후기 (O00-O99)",남자,대전광역시,0,0,0
"임신, 출산 및 산후기 (O00-O99)",남자,울산광역시,0,0,0
"임신, 출산 및 산후기 (O00-O99)",남자,세종특별자치시,0,0,0
"임신, 출산 및 산후기 (O00-O99)",남자,경기도,0,0,0
"임신, 출산 및 산후기 (O00-O99)",남자,강원도,0,0,0
"임신, 출산 및 산후기 (O00-O99)",남자,충청북도,0,0,0
"임신, 출산 및 산후기 (O00-O99)",남자,충청남도,0,0,0
"임신, 출산 및 산후기 (O00-O99)",남자,전라북도,0,0,0
"임신, 출산 및 산후기 (O00-O99)",남자,전라남도,0,0,0
"임신, 출산 및 산후기 (O00-O99)",남자,경상북도,0,0,0
"임신, 출산 및 산후기 (O00-O99)",남자,경상남도,0,0,0
"임신, 출산 및 산후기 (O00-O99)",남자,제주도,0,0,0
"임신, 출산 및 산후기 (O00-O99)",여자,전국,41,36,36
"임신, 출산 및 산후기 (O00-O99)",여자,서울특별시,4,3,6
"임신, 출산 및 산후기 (O00-O99)",여자,부산광역시,4,1,2
"임신, 출산 및 산후기 (O00-O99)",여자,대구광역시,2,3,1
"임신, 출산 및 산후기 (O00-O99)",여자,인천광역시,1,1,2
"임신, 출산 및 산후기 (O00-O99)",여자,광주광역시,0,1,0
"임신, 출산 및 산후기 (O00-O99)",여자,대전광역시,1,2,3
"임신, 출산 및 산후기 (O00-O99)",여자,울산광역시,1,2,0
"임신, 출산 및 산후기 (O00-O99)",여자,세종특별자치시,0,0,1
"임신, 출산 및 산후기 (O00-O99)",여자,경기도,15,9,14
"임신, 출산 및 산후기 (O00-O99)",여자,강원도,2,2,0
"임신, 출산 및 산후기 (O00-O99)",여자,충청북도,0,1,0
"임신, 출산 및 산후기 (O00-O99)",여자,충청남도,1,1,0
"임신, 출산 및 산후기 (O00-O99)",여자,전라북도,1,2,0
"임신, 출산 및 산후기 (O00-O99)",여자,전라남도,1,1,3
"임신, 출산 및 산후기 (O00-O99)",여자,경상북도,4,2,1
"임신, 출산 및 산후기 (O00-O99)",여자,경상남도,3,4,3
"임신, 출산 및 산후기 (O00-O99)",여자,제주도,1,1,0
출생전후기에 기원한 특정병태 (P00-P96),계,전국,476,424,331
출생전후기에 기원한 특정병태 (P00-P96),계,서울특별시,65,72,39
출생전후기에 기원한 특정병태 (P00-P96),계,부산광역시,30,25,21
출생전후기에 기원한 특정병태 (P00-P96),계,대구광역시,38,30,22
출생전후기에 기원한 특정병태 (P00-P96),계,인천광역시,34,25,21
출생전후기에 기원한 특정병태 (P00-P96),계,광주광역시,8,5,8
출생전후기에 기원한 특정병태 (P00-P96),계,대전광역시,15,13,10
출생전후기에 기원한 특정병태 (P00-P96),계,울산광역시,12,12,4
출생전후기에 기원한 특정병태 (P00-P96),계,세종특별자치시,4,8,0
출생전후기에 기원한 특정병태 (P00-P96),계,경기도,124,111,88
출생전후기에 기원한 특정병태 (P00-P96),계,강원도,8,11,9
출생전후기에 기원한 특정병태 (P00-P96),계,충청북도,11,10,21
출생전후기에 기원한 특정병태 (P00-P96),계,충청남도,31,20,18
출생전후기에 기원한 특정병태 (P00-P96),계,전라북도,15,19,9
출생전후기에 기원한 특정병태 (P00-P96),계,전라남도,7,6,8
출생전후기에 기원한 특정병태 (P00-P96),계,경상북도,31,29,16
출생전후기에 기원한 특정병태 (P00-P96),계,경상남도,39,25,32
출생전후기에 기원한 특정병태 (P00-P96),계,제주도,4,3,5
출생전후기에 기원한 특정병태 (P00-P96),남자,전국,281,234,183
출생전후기에 기원한 특정병태 (P00-P96),남자,서울특별시,34,39,22
출생전후기에 기원한 특정병태 (P00-P96),남자,부산광역시,15,10,9
출생전후기에 기원한 특정병태 (P00-P96),남자,대구광역시,24,21,15
출생전후기에 기원한 특정병태 (P00-P96),남자,인천광역시,24,16,16
출생전후기에 기원한 특정병태 (P00-P96),남자,광주광역시,5,2,4
출생전후기에 기원한 특정병태 (P00-P96),남자,대전광역시,10,8,6
출생전후기에 기원한 특정병태 (P00-P96),남자,울산광역시,6,7,1
출생전후기에 기원한 특정병태 (P00-P96),남자,세종특별자치시,2,4,0
출생전후기에 기원한 특정병태 (P00-P96),남자,경기도,72,63,48
출생전후기에 기원한 특정병태 (P00-P96),남자,강원도,4,6,5
출생전후기에 기원한 특정병태 (P00-P96),남자,충청북도,7,8,10
출생전후기에 기원한 특정병태 (P00-P96),남자,충청남도,19,9,12
출생전후기에 기원한 특정병태 (P00-P96),남자,전라북도,12,8,5
출생전후기에 기원한 특정병태 (P00-P96),남자,전라남도,5,2,3
출생전후기에 기원한 특정병태 (P00-P96),남자,경상북도,20,17,11
출생전후기에 기원한 특정병태 (P00-P96),남자,경상남도,21,12,15
출생전후기에 기원한 특정병태 (P00-P96),남자,제주도,1,2,1
출생전후기에 기원한 특정병태 (P00-P96),여자,전국,195,190,148
출생전후기에 기원한 특정병태 (P00-P96),여자,서울특별시,31,33,17
출생전후기에 기원한 특정병태 (P00-P96),여자,부산광역시,15,15,12
출생전후기에 기원한 특정병태 (P00-P96),여자,대구광역시,14,9,7
출생전후기에 기원한 특정병태 (P00-P96),여자,인천광역시,10,9,5
출생전후기에 기원한 특정병태 (P00-P96),여자,광주광역시,3,3,4
출생전후기에 기원한 특정병태 (P00-P96),여자,대전광역시,5,5,4
출생전후기에 기원한 특정병태 (P00-P96),여자,울산광역시,6,5,3
출생전후기에 기원한 특정병태 (P00-P96),여자,세종특별자치시,2,4,0
출생전후기에 기원한 특정병태 (P00-P96),여자,경기도,52,48,40
출생전후기에 기원한 특정병태 (P00-P96),여자,강원도,4,5,4
출생전후기에 기원한 특정병태 (P00-P96),여자,충청북도,4,2,11
출생전후기에 기원한 특정병태 (P00-P96),여자,충청남도,12,11,6
출생전후기에 기원한 특정병태 (P00-P96),여자,전라북도,3,11,4
출생전후기에 기원한 특정병태 (P00-P96),여자,전라남도,2,4,5
출생전후기에 기원한 특정병태 (P00-P96),여자,경상북도,11,12,5
출생전후기에 기원한 특정병태 (P00-P96),여자,경상남도,18,13,17
출생전후기에 기원한 특정병태 (P00-P96),여자,제주도,3,1,4
"선천 기형, 변형 및 염색체 이상 (Q00-Q99)",계,전국,359,321,309
"선천 기형, 변형 및 염색체 이상 (Q00-Q99)",계,서울특별시,52,51,44
"선천 기형, 변형 및 염색체 이상 (Q00-Q99)",계,부산광역시,24,23,12
"선천 기형, 변형 및 염색체 이상 (Q00-Q99)",계,대구광역시,15,11,23
"선천 기형, 변형 및 염색체 이상 (Q00-Q99)",계,인천광역시,20,20,24
"선천 기형, 변형 및 염색체 이상 (Q00-Q99)",계,광주광역시,16,9,6
"선천 기형, 변형 및 염색체 이상 (Q00-Q99)",계,대전광역시,13,10,7
"선천 기형, 변형 및 염색체 이상 (Q00-Q99)",계,울산광역시,8,9,7
"선천 기형, 변형 및 염색체 이상 (Q00-Q99)",계,세종특별자치시,5,2,1
"선천 기형, 변형 및 염색체 이상 (Q00-Q99)",계,경기도,98,77,93
"선천 기형, 변형 및 염색체 이상 (Q00-Q99)",계,강원도,9,12,14
"선천 기형, 변형 및 염색체 이상 (Q00-Q99)",계,충청북도,14,9,12
"선천 기형, 변형 및 염색체 이상 (Q00-Q99)",계,충청남도,14,17,18
"선천 기형, 변형 및 염색체 이상 (Q00-Q99)",계,전라북도,14,6,8
"선천 기형, 변형 및 염색체 이상 (Q00-Q99)",계,전라남도,8,10,7
"선천 기형, 변형 및 염색체 이상 (Q00-Q99)",계,경상북도,24,26,18
"선천 기형, 변형 및 염색체 이상 (Q00-Q99)",계,경상남도,19,27,11
"선천 기형, 변형 및 염색체 이상 (Q00-Q99)",계,제주도,6,2,4
"선천 기형, 변형 및 염색체 이상 (Q00-Q99)",남자,전국,174,163,170
"선천 기형, 변형 및 염색체 이상 (Q00-Q99)",남자,서울특별시,24,26,27
"선천 기형, 변형 및 염색체 이상 (Q00-Q99)",남자,부산광역시,13,13,9
"선천 기형, 변형 및 염색체 이상 (Q00-Q99)",남자,대구광역시,11,5,14
"선천 기형, 변형 및 염색체 이상 (Q00-Q99)",남자,인천광역시,8,9,12
"선천 기형, 변형 및 염색체 이상 (Q00-Q99)",남자,광주광역시,7,5,1
"선천 기형, 변형 및 염색체 이상 (Q00-Q99)",남자,대전광역시,3,6,3
"선천 기형, 변형 및 염색체 이상 (Q00-Q99)",남자,울산광역시,4,4,3
"선천 기형, 변형 및 염색체 이상 (Q00-Q99)",남자,세종특별자치시,1,0,1
"선천 기형, 변형 및 염색체 이상 (Q00-Q99)",남자,경기도,49,46,51
"선천 기형, 변형 및 염색체 이상 (Q00-Q99)",남자,강원도,3,6,8
"선천 기형, 변형 및 염색체 이상 (Q00-Q99)",남자,충청북도,7,4,4
"선천 기형, 변형 및 염색체 이상 (Q00-Q99)",남자,충청남도,9,6,8
"선천 기형, 변형 및 염색체 이상 (Q00-Q99)",남자,전라북도,5,4,6
"선천 기형, 변형 및 염색체 이상 (Q00-Q99)",남자,전라남도,5,3,5
"선천 기형, 변형 및 염색체 이상 (Q00-Q99)",남자,경상북도,10,12,13
"선천 기형, 변형 및 염색체 이상 (Q00-Q99)",남자,경상남도,11,13,4
"선천 기형, 변형 및 염색체 이상 (Q00-Q99)",남자,제주도,4,1,1
"선천 기형, 변형 및 염색체 이상 (Q00-Q99)",여자,전국,185,158,139
"선천 기형, 변형 및 염색체 이상 (Q00-Q99)",여자,서울특별시,28,25,17
"선천 기형, 변형 및 염색체 이상 (Q00-Q99)",여자,부산광역시,11,10,3
"선천 기형, 변형 및 염색체 이상 (Q00-Q99)",여자,대구광역시,4,6,9
"선천 기형, 변형 및 염색체 이상 (Q00-Q99)",여자,인천광역시,12,11,12
"선천 기형, 변형 및 염색체 이상 (Q00-Q99)",여자,광주광역시,9,4,5
"선천 기형, 변형 및 염색체 이상 (Q00-Q99)",여자,대전광역시,10,4,4
"선천 기형, 변형 및 염색체 이상 (Q00-Q99)",여자,울산광역시,4,5,4
"선천 기형, 변형 및 염색체 이상 (Q00-Q99)",여자,세종특별자치시,4,2,0
"선천 기형, 변형 및 염색체 이상 (Q00-Q99)",여자,경기도,49,31,42
"선천 기형, 변형 및 염색체 이상 (Q00-Q99)",여자,강원도,6,6,6
"선천 기형, 변형 및 염색체 이상 (Q00-Q99)",여자,충청북도,7,5,8
"선천 기형, 변형 및 염색체 이상 (Q00-Q99)",여자,충청남도,5,11,10
"선천 기형, 변형 및 염색체 이상 (Q00-Q99)",여자,전라북도,9,2,2
"선천 기형, 변형 및 염색체 이상 (Q00-Q99)",여자,전라남도,3,7,2
"선천 기형, 변형 및 염색체 이상 (Q00-Q99)",여자,경상북도,14,14,5
"선천 기형, 변형 및 염색체 이상 (Q00-Q99)",여자,경상남도,8,14,7
"선천 기형, 변형 및 염색체 이상 (Q00-Q99)",여자,제주도,2,1,3
"달리 분류되지 않은 증상, 징후 (R00-R99)",계,전국,28466,28176,31801
"달리 분류되지 않은 증상, 징후 (R00-R99)",계,서울특별시,4649,4433,4684
"달리 분류되지 않은 증상, 징후 (R00-R99)",계,부산광역시,1358,1097,1218
"달리 분류되지 않은 증상, 징후 (R00-R99)",계,대구광역시,1098,1181,1269
"달리 분류되지 않은 증상, 징후 (R00-R99)",계,인천광역시,1525,1577,1789
"달리 분류되지 않은 증상, 징후 (R00-R99)",계,광주광역시,674,718,850
"달리 분류되지 않은 증상, 징후 (R00-R99)",계,대전광역시,877,1111,1154
"달리 분류되지 않은 증상, 징후 (R00-R99)",계,울산광역시,312,210,234
"달리 분류되지 않은 증상, 징후 (R00-R99)",계,세종특별자치시,101,106,145
"달리 분류되지 않은 증상, 징후 (R00-R99)",계,경기도,6065,5935,7117
"달리 분류되지 않은 증상, 징후 (R00-R99)",계,강원도,1032,1151,1345
"달리 분류되지 않은 증상, 징후 (R00-R99)",계,충청북도,1209,1235,1203
"달리 분류되지 않은 증상, 징후 (R00-R99)",계,충청남도,1823,1923,2222
"달리 분류되지 않은 증상, 징후 (R00-R99)",계,전라북도,1668,1702,1979
"달리 분류되지 않은 증상, 징후 (R00-R99)",계,전라남도,2124,1679,1855
"달리 분류되지 않은 증상, 징후 (R00-R99)",계,경상북도,2312,1988,2294
"달리 분류되지 않은 증상, 징후 (R00-R99)",계,경상남도,1253,1681,1944
"달리 분류되지 않은 증상, 징후 (R00-R99)",계,제주도,386,449,499
"달리 분류되지 않은 증상, 징후 (R00-R99)",남자,전국,12414,12542,14135
"달리 분류되지 않은 증상, 징후 (R00-R99)",남자,서울특별시,1930,1901,2034
"달리 분류되지 않은 증상, 징후 (R00-R99)",남자,부산광역시,597,441,535
"달리 분류되지 않은 증상, 징후 (R00-R99)",남자,대구광역시,473,496,551
"달리 분류되지 않은 증상, 징후 (R00-R99)",남자,인천광역시,665,703,810
"달리 분류되지 않은 증상, 징후 (R00-R99)",남자,광주광역시,341,394,476
"달리 분류되지 않은 증상, 징후 (R00-R99)",남자,대전광역시,392,542,531
"달리 분류되지 않은 증상, 징후 (R00-R99)",남자,울산광역시,157,110,74
"달리 분류되지 않은 증상, 징후 (R00-R99)",남자,세종특별자치시,42,42,59
"달리 분류되지 않은 증상, 징후 (R00-R99)",남자,경기도,2516,2538,3045
"달리 분류되지 않은 증상, 징후 (R00-R99)",남자,강원도,491,562,662
"달리 분류되지 않은 증상, 징후 (R00-R99)",남자,충청북도,552,554,494
"달리 분류되지 않은 증상, 징후 (R00-R99)",남자,충청남도,836,837,995
"달리 분류되지 않은 증상, 징후 (R00-R99)",남자,전라북도,686,755,857
"달리 분류되지 않은 증상, 징후 (R00-R99)",남자,전라남도,943,824,917
"달리 분류되지 않은 증상, 징후 (R00-R99)",남자,경상북도,1070,912,993
"달리 분류되지 않은 증상, 징후 (R00-R99)",남자,경상남도,536,708,863
"달리 분류되지 않은 증상, 징후 (R00-R99)",남자,제주도,187,223,239
"달리 분류되지 않은 증상, 징후 (R00-R99)",여자,전국,16052,15634,17666
"달리 분류되지 않은 증상, 징후 (R00-R99)",여자,서울특별시,2719,2532,2650
"달리 분류되지 않은 증상, 징후 (R00-R99)",여자,부산광역시,761,656,683
"달리 분류되지 않은 증상, 징후 (R00-R99)",여자,대구광역시,625,685,718
"달리 분류되지 않은 증상, 징후 (R00-R99)",여자,인천광역시,860,874,979
"달리 분류되지 않은 증상, 징후 (R00-R99)",여자,광주광역시,333,324,374
"달리 분류되지 않은 증상, 징후 (R00-R99)",여자,대전광역시,485,569,623
"달리 분류되지 않은 증상, 징후 (R00-R99)",여자,울산광역시,155,100,160
"달리 분류되지 않은 증상, 징후 (R00-R99)",여자,세종특별자치시,59,64,86
"달리 분류되지 않은 증상, 징후 (R00-R99)",여자,경기도,3549,3397,4072
"달리 분류되지 않은 증상, 징후 (R00-R99)",여자,강원도,541,589,683
"달리 분류되지 않은 증상, 징후 (R00-R99)",여자,충청북도,657,681,709
"달리 분류되지 않은 증상, 징후 (R00-R99)",여자,충청남도,987,1086,1227
"달리 분류되지 않은 증상, 징후 (R00-R99)",여자,전라북도,982,947,1122
"달리 분류되지 않은 증상, 징후 (R00-R99)",여자,전라남도,1181,855,938
"달리 분류되지 않은 증상, 징후 (R00-R99)",여자,경상북도,1242,1076,1301
"달리 분류되지 않은 증상, 징후 (R00-R99)",여자,경상남도,717,973,1081
"달리 분류되지 않은 증상, 징후 (R00-R99)",여자,제주도,199,226,260
질병이환 및 사망의 외인 (V01-Y89),계,전국,28040,27282,26442
질병이환 및 사망의 외인 (V01-Y89),계,서울특별시,4132,3889,3935
질병이환 및 사망의 외인 (V01-Y89),계,부산광역시,1749,1982,1817
질병이환 및 사망의 외인 (V01-Y89),계,대구광역시,1291,1303,1209
질병이환 및 사망의 외인 (V01-Y89),계,인천광역시,1463,1439,1452
질병이환 및 사망의 외인 (V01-Y89),계,광주광역시,725,698,643
질병이환 및 사망의 외인 (V01-Y89),계,대전광역시,838,721,729
질병이환 및 사망의 외인 (V01-Y89),계,울산광역시,585,563,508
질병이환 및 사망의 외인 (V01-Y89),계,세종특별자치시,156,128,106
질병이환 및 사망의 외인 (V01-Y89),계,경기도,5815,5831,5643
질병이환 및 사망의 외인 (V01-Y89),계,강원도,1159,1145,1019
질병이환 및 사망의 외인 (V01-Y89),계,충청북도,1132,1027,1042
질병이환 및 사망의 외인 (V01-Y89),계,충청남도,1652,1600,1553
질병이환 및 사망의 외인 (V01-Y89),계,전라북도,1294,1262,1105
질병이환 및 사망의 외인 (V01-Y89),계,전라남도,1483,1359,1499
질병이환 및 사망의 외인 (V01-Y89),계,경상북도,1926,1883,1880
질병이환 및 사망의 외인 (V01-Y89),계,경상남도,2218,2038,1887
질병이환 및 사망의 외인 (V01-Y89),계,제주도,422,414,415
질병이환 및 사망의 외인 (V01-Y89),남자,전국,19493,18896,18032
질병이환 및 사망의 외인 (V01-Y89),남자,서울특별시,2783,2617,2594
질병이환 및 사망의 외인 (V01-Y89),남자,부산광역시,1246,1384,1263
질병이환 및 사망의 외인 (V01-Y89),남자,대구광역시,885,896,804
질병이환 및 사망의 외인 (V01-Y89),남자,인천광역시,1049,998,995
질병이환 및 사망의 외인 (V01-Y89),남자,광주광역시,489,479,428
질병이환 및 사망의 외인 (V01-Y89),남자,대전광역시,572,518,482
질병이환 및 사망의 외인 (V01-Y89),남자,울산광역시,429,421,366
질병이환 및 사망의 외인 (V01-Y89),남자,세종특별자치시,110,80,59
질병이환 및 사망의 외인 (V01-Y89),남자,경기도,4067,3947,3866
질병이환 및 사망의 외인 (V01-Y89),남자,강원도,790,802,684
질병이환 및 사망의 외인 (V01-Y89),남자,충청북도,807,731,704
질병이환 및 사망의 외인 (V01-Y89),남자,충청남도,1174,1112,1063
질병이환 및 사망의 외인 (V01-Y89),남자,전라북도,893,885,793
질병이환 및 사망의 외인 (V01-Y89),남자,전라남도,1027,967,1042
질병이환 및 사망의 외인 (V01-Y89),남자,경상북도,1343,1306,1278
질병이환 및 사망의 외인 (V01-Y89),남자,경상남도,1518,1463,1336
질병이환 및 사망의 외인 (V01-Y89),남자,제주도,311,290,275
질병이환 및 사망의 외인 (V01-Y89),여자,전국,8547,8386,8410
질병이환 및 사망의 외인 (V01-Y89),여자,서울특별시,1349,1272,1341
질병이환 및 사망의 외인 (V01-Y89),여자,부산광역시,503,598,554
질병이환 및 사망의 외인 (V01-Y89),여자,대구광역시,406,407,405
질병이환 및 사망의 외인 (V01-Y89),여자,인천광역시,414,441,457
질병이환 및 사망의 외인 (V01-Y89),여자,광주광역시,236,219,215
질병이환 및 사망의 외인 (V01-Y89),여자,대전광역시,266,203,247
질병이환 및 사망의 외인 (V01-Y89),여자,울산광역시,156,142,142
질병이환 및 사망의 외인 (V01-Y89),여자,세종특별자치시,46,48,47
질병이환 및 사망의 외인 (V01-Y89),여자,경기도,1748,1884,1777
질병이환 및 사망의 외인 (V01-Y89),여자,강원도,369,343,335
질병이환 및 사망의 외인 (V01-Y89),여자,충청북도,325,296,338
질병이환 및 사망의 외인 (V01-Y89),여자,충청남도,478,488,490
질병이환 및 사망의 외인 (V01-Y89),여자,전라북도,401,377,312
질병이환 및 사망의 외인 (V01-Y89),여자,전라남도,456,392,457
질병이환 및 사망의 외인 (V01-Y89),여자,경상북도,583,577,602
질병이환 및 사망의 외인 (V01-Y89),여자,경상남도,700,575,551
질병이환 및 사망의 외인 (V01-Y89),여자,제주도,111,124,140
